"","region_name","season","sd_FF"
"1","MAB","Spring",0.484023401428784
"2","MAB","Winter",0.61257450370783
"3","MAB","Fall",0.4090293070186
"4","MAB","Summer",0.268807898232408
"5","GOM","Summer",0.210240113945421
"6","GOM","Spring",0.277044574426682
"7","GOM","Fall",0.424087983185353
"8","GOM","Winter",0.452891614389361
"9","GB","Summer",0.204097560888423
"10","GB","Winter",0.444436545203475
"11","GB","Spring",0.406110033401994
"12","GB","Fall",0.609144133780345
