"","region_name","season","sd_ZP"
"1","MAB","Spring",0.178134412772399
"2","MAB","Winter",0.177622065897126
"3","MAB","Fall",0.0911304007483624
"4","MAB","Summer",0.0930535692506009
"5","GOM","Summer",0.131918915275516
"6","GOM","Spring",0.189697620792317
"7","GOM","Fall",0.144821042037184
"8","GOM","Winter",0.163394901474276
"9","GB","Summer",0.149447698836195
"10","GB","Winter",0.150129772063009
"11","GB","Spring",0.175579908143436
"12","GB","Fall",0.126030783601807
